Post,Job_Domain
Software Engineer Trainee,Software Engineer
Junior Software Engineer,Software Engineer
Software Engineer,Software Engineer
Junior Software Engineer,Software Engineer
Software Engineer (Freshers),Software Engineer
Trainee Software Engineer,Software Engineer
Software Engineer,Software Engineer
Software Engineer,Software Engineer
Web Developer (Fresher),Software Engineer
Software Engineer,Software Engineer
Software Developer Internship,Software Engineer
Junior Software Engineer,Software Engineer
Software Development Engineer I,Software Engineer
Software Developer,Software Engineer
Software Trainee,Software Engineer
Software Developer Fresher,Software Engineer
Software Developer Engineer,Software Engineer
Software Test Engineer,Software Engineer
Software Engineer,Software Engineer
Software Engineer,Software Engineer
Trainee Software Engineer - Only BE (CS and IT),Software Engineer
Software Engineer,Software Engineer
Frontend Developer ( Remote ),Software Engineer
ENGINEER TRAINEE- SOFTWARE DEVELOPMENT,Software Engineer
Software Engineer,Software Engineer
Software Engineer,Software Engineer
Software Engineer Intern,Software Engineer
Software Engineer ll,Software Engineer
Software Engineer (Kafka),Software Engineer
Software Engineer (Fresher),Software Engineer
Software Engineer - BE,Software Engineer
Software Engineer (Recent Graduate),Software Engineer
Software Engineer Fresher,Software Engineer
Engineer - Software & Application Development (Software & Application Development) - B2101_1,Software Engineer
Trainee Software Engineer - Java,Software Engineer
Associate Software Engineer(For Freshers),Software Engineer
Trainee Software Engineer,Software Engineer
Software Engineer – Python,Software Engineer
Software Test Engineer,Software Engineer
Associate Software Engineer,Software Engineer
Software Engineer,Software Engineer
Junior Software Developer,Software Engineer
Java Software Engineer-II,Software Engineer
Software Engineer Intern(HTML/CSS/JAVAScript/ReactJs),Software Engineer
Software Engineer -II,Software Engineer
Software Engineer : ReactJS Frontend,Software Engineer
ADAS C++ Software Development – Vehicle Adaptation Layer functions - Engineer,Software Engineer
Software Engineer I (Frontend),Software Engineer
Software Manual Testing Engineer,Software Engineer
Associate Software Engineer,Software Engineer
Software Engineer,Software Engineer
TBU/KZ0081-Embedded Software Engineer,Software Engineer
Software Engineer Trainee (Fresher),Software Engineer
Trainee Software Engineer,Software Engineer
Trainee Software Engineer – Quality Analyst,Software Engineer
Associate Software Engineer,Software Engineer
Business Analyst,Business Analyst
Business Analyst,Business Analyst
Business Analyst,Business Analyst
Business Analyst,Business Analyst
Business Analyst,Business Analyst
Business Analyst,Business Analyst
Business Analyst,Business Analyst
Business Analyst,Business Analyst
Business Analyst,Business Analyst
Business Analyst (BA),Business Analyst
Business Analyst - Immediate Joiners,Business Analyst
Business Analyst / Technical BA (Immediate Joiner),Business Analyst
Business Analyst,Business Analyst
Project Manager/Business Analyst,Business Analyst
Business Analyst,Business Analyst
Business Analyst,Business Analyst
Business Analyst,Business Analyst
IT Business Analyst Fresher,Business Analyst
Business Analyst,Business Analyst
Business Analyst,Business Analyst
Business Analyst,Business Analyst
Lead Business Analyst,Business Analyst
Business Analyst,Business Analyst
Business Analyst,Business Analyst
Business Analyst,Business Analyst
Business Analyst,Business Analyst
Business Analyst,Business Analyst
Business Analyst,Business Analyst
Business Analyst,Business Analyst
Business Analyst,Business Analyst
Technical Business Analyst,Business Analyst
T24 Analyst,Business Analyst
Business Analyst,Business Analyst
Analyst - Business Analysis - B2101_2,Business Analyst
Intern - Business Analyst,Business Analyst
Business Analyst,Business Analyst
IT Business Analyst,Business Analyst
Business Analyst,Business Analyst
"Business Intelligence Analyst, I",Business Analyst
Business Analyst,Business Analyst
Business Analyst - Data Factory,Business Analyst
Business Analyst - IT Applications,Business Analyst
Business Analyst,Business Analyst
Business Analyst,Business Analyst
Lead Business Analyst,Business Analyst
Junior Business Analyst,Business Analyst
Business Analyst Consultant,Business Analyst
Business Analyst II,Business Analyst
Data Analyst / BI Developer,Business Analyst
Junior Business Analyst,Business Analyst
Specialist - Business System Analyst,Business Analyst
Business Analyst,Business Analyst
Business Analyst,Business Analyst
Business Analyst,Business Analyst
Business Analyst,Business Analyst
Business Intelligence Analyst,Business Analyst
Assistant Manager - Finance & Accounts,Finance Manager
Deputy General Manager - Finance & Accounts,Finance Manager
Finance Manager,Finance Manager
Finance Manager,Finance Manager
Finance and Administration Manager,Finance Manager
Finance Manager,Finance Manager
Finance Manager,Finance Manager
Assistant General Manager - Finance,Finance Manager
Sr. Manager Accounts & Finance,Finance Manager
Assistant Manager - Finance & Accounts,Finance Manager
Finance Manager,Finance Manager
Manager Finance,Finance Manager
Urgent Hiring - Finance - Assistant Manager / Sr. Executive,Finance Manager
Finance Manager,Finance Manager
Manager Finance,Finance Manager
Accounts & Finance Manager,Finance Manager
Accounts & Finance Manager,Finance Manager
Assistant Manager - Finance,Finance Manager
Finance Manager,Finance Manager
Accounts and Finance Manager -Hoskote( Bangalore),Finance Manager
Finance Manager,Finance Manager
Manager - Finance and Accounts,Finance Manager
Finance Manager,Finance Manager
Finance Manager,Finance Manager
Finance Manager,Finance Manager
Manager Accounts & Finance,Finance Manager
Assistant Manager - Accounts Payable - Finance & Accounts,Finance Manager
Manager Accounts & Finance,Finance Manager
Manager - Finance & Accounts,Finance Manager
Finance Manager from Hotels,Finance Manager
Assistant Manager - Finance (Revenue),Finance Manager
Asst. Manager - Finance & Accounts,Finance Manager
Sr. Manager - Finance & Accounts,Finance Manager
Manager- Business Finance,Finance Manager
Assistant Manager - Finance,Finance Manager
Asst. Manager - Corporate Finance,Finance Manager
Manager Finance,Finance Manager
Accounts and Finance Manager (Remote),Finance Manager
Manager- Accounts & Finance,Finance Manager
Chartered Accountant: Manager Finance,Finance Manager
Accounts and finance Manager,Finance Manager
Assistant Manager- Finance and Accounts,Finance Manager
Collection Manager-Two Wheeler Finance-Collection,Finance Manager
Manager – Finance – India Statutory Accounting,Finance Manager
Accounts & Finance Manager,Finance Manager
Manager - Business Finance,Finance Manager
Finance Reporting Senior Manager,Finance Manager
Assistant Manager- Finance & Accounts,Finance Manager
Accounts and Finance Manager,Finance Manager
Credit Manager- Car Finance Mumbai,Finance Manager
Assistant Finance Manager,Finance Manager
Manager_Finance & Accounts,Finance Manager
Deputy General Manager - Finance (Finance Business Partner) - B4201_2,Finance Manager
Assistant Manager - Finance & Accounting,Finance Manager
IT Program Manager (Finance),Finance Manager
Business Development Executive,Business Development Executive
Business Development Executive,Business Development Executive
Business Development Executive/Manager,Business Development Executive
Business Development Executive,Business Development Executive
Business Development Executive,Business Development Executive
Business Development Executive - Calicut/Thrissur,Business Development Executive
Business Development Executive (Office Automation),Business Development Executive
Business Development Executive,Business Development Executive
Business Development Executive,Business Development Executive
Business Development Executive,Business Development Executive
Business Development Executive,Business Development Executive
Business Development Executive,Business Development Executive
Business Development Executive,Business Development Executive
Business Development Executive,Business Development Executive
Business Development Executive (Fresher),Business Development Executive
Business Development Executive,Business Development Executive
Sr. Business Development Executive US,Business Development Executive
Business Development Executive,Business Development Executive
Business Development Executive,Business Development Executive
Business Development Executive,Business Development Executive
Business Development Executive,Business Development Executive
Business Development Executive,Business Development Executive
Business Development Executive,Business Development Executive
Business Development Executive,Business Development Executive
Business Development Associate,Business Development Executive
Business Development Executive,Business Development Executive
Business Development Executive,Business Development Executive
Business Development Executive,Business Development Executive
Business Development Executive,Business Development Executive
Business Development Executive,Business Development Executive
Executive - Business Development,Business Development Executive
Freshers - Business Development Executive (Work from Office),Business Development Executive
Business Development Executive,Business Development Executive
Business Development Executive,Business Development Executive
Business Development Executive- Noida,Business Development Executive
Business Development Executive,Business Development Executive
Business Development Executive,Business Development Executive
Business Development Executive,Business Development Executive
Business Development Executive,Business Development Executive
BDE (Business Development Executive),Business Development Executive
Business Development Executive,Business Development Executive
Business Development Executive,Business Development Executive
Executive - Business Development,Business Development Executive
Business Development Executive,Business Development Executive
Business Development Executive,Business Development Executive
Business Development Executive,Business Development Executive
Business Development Executive/ Intern,Business Development Executive
Business Development Executive Trainee,Business Development Executive
Business Development Executive,Business Development Executive
Business Development Executive,Business Development Executive
Business Development Executive,Business Development Executive
Business Development Executive,Business Development Executive
Accountant (Minimum 5 yr Exp.),Accountant
Accounts Executive,Accountant
Accounts Officer,Accountant
Senior Accountant,Accountant
Senior Accountant,Accountant
Accountant,Accountant
Senior Accountant,Accountant
Site Accountant,Accountant
Senior accountant,Accountant
Sr. Accountant,Accountant
Senior Accountant,Accountant
Accountant,Accountant
Accountant,Accountant
Accountant,Accountant
Accountant,Accountant
Account Officer,Accountant
Accountant,Accountant
Accountant,Accountant
Senior Accountant,Accountant
Accounts Executive,Accountant
Accountant,Accountant
Accountant,Accountant
Accountant,Accountant
Accountant,Accountant
Accountant,Accountant
Accountant,Accountant
Junior Accountant,Accountant
Accountant,Accountant
Accountant,Accountant
Junior Accountant (Male),Accountant
Accountant I,Accountant
AP Accountant,Accountant
Accountant,Accountant
Associate Staff Accountant,Accountant
Accountant,Accountant
Asst. Manager - Finance & Accounts,Accountant
Accountant,Accountant
General Ledger Accountant,Accountant
Assistant Accountant,Accountant
Liner Accountant,Accountant
Accountant,Accountant
Accountant,Accountant
Financial Accountant/Financial Accountant-Snr,Accountant
Chartered Accountant: Manager Finance,Accountant
Bookkeeper - Part Time,Accountant
Accountant,Accountant
Accountant,Accountant
Accountant,Accountant
Accountant,Accountant
Staff Accountant,Accountant
Accountant,Accountant
Accountant,Accountant
Branch Accountant,Accountant
Bookkeeper with QUICKBOOKS Experience,Accountant
Accounts Professional,Accountant
COST ACCOUNTANT,Accountant
Junior Accountant,Accountant
General Accountant,Accountant
AP Accountant,Accountant
SEO Specialist,SEO Specialist
“SEO cum PPC Specialist”,SEO Specialist
SEO Specialist,SEO Specialist
SEO Specialist,SEO Specialist
SEO Specialist,SEO Specialist
SEO Specialist (Remote),SEO Specialist
SEO Specialist,SEO Specialist
SEO Specialist,SEO Specialist
Web Developer & SEO/SEM Specialist,SEO Specialist
SEO Specialist,SEO Specialist
SEO Specialist,SEO Specialist
Search Engine Optimization (SEO) Specialist,SEO Specialist
Senior SEO Specialist (Remote),SEO Specialist
SEO Specialist,SEO Specialist
SEO Specialist,SEO Specialist
SEO specialist (Onpage and Offpage),SEO Specialist
Senior SEO Specialist,SEO Specialist
SEO Specialist,SEO Specialist
SEO Specialist,SEO Specialist
Search Engine Optimization Specialist,SEO Specialist
SEO Specialist,SEO Specialist
SEO Specialist,SEO Specialist
SEO Specialist,SEO Specialist
Search Engine Optimization (SEO) Specialist,SEO Specialist
SEO Specialist,SEO Specialist
SEO Specialist,SEO Specialist
SEO Specialist,SEO Specialist
Wordpress Developer - SEO Specialist,SEO Specialist
SEO Specialist,SEO Specialist
SEO Specialist,SEO Specialist
SEO SPECIALIST,SEO Specialist
SEO Specialist,SEO Specialist
SEO Specialist-WFH,SEO Specialist
SEO Specialist,SEO Specialist
SEO Specialist,SEO Specialist
SEO Specialist,SEO Specialist
SEO Specialist,SEO Specialist
SEO Specialist,SEO Specialist
SEO Specialist,SEO Specialist
SEO Specialist (India Remote),SEO Specialist
SEO Specialist - Urgent Opening,SEO Specialist
SEO Specialist,SEO Specialist
SEO Specialist,SEO Specialist
SEO Specialist,SEO Specialist
SEO Specialist,SEO Specialist
SEO Specialist,SEO Specialist
SEO Specialist,SEO Specialist
Graphics Designer,Graphics Designer
Graphics Designer,Graphics Designer
Senior Designer,Graphics Designer
Graphics Designer,Graphics Designer
Freelance Graphic Designer,Graphics Designer
Senior Graphics Designer,Graphics Designer
FREELANCE GRAPHIC DESIGNER,Graphics Designer
Freelance Graphic Designer,Graphics Designer
Graphics Designer Freshers,Graphics Designer
Graphics Designer,Graphics Designer
Graphics Designer,Graphics Designer
Motion Graphic Designer,Graphics Designer
Graphics Designer,Graphics Designer
Graphic Designer - Freelance,Graphics Designer
Graphic Designer,Graphics Designer
Sr. Graphic Designer,Graphics Designer
Graphics Designer,Graphics Designer
NEED EXPERIENCE GRAPHICS DESIGNER,Graphics Designer
Sr. Graphics Designer,Graphics Designer
Graphic Designer,Graphics Designer
Visual Designer,Graphics Designer
Animation and Graphics Designer,Graphics Designer
Senior Graphic Designer,Graphics Designer
Graphics Designer,Graphics Designer
Graphics Designer,Graphics Designer
Graphic Designer,Graphics Designer
Graphics Designer,Graphics Designer
Graphics Designer,Graphics Designer
Graphics Designer,Graphics Designer
Graphic Designer,Graphics Designer
Senior Graphics Designer | 3 to 5 years | Kolkata,Graphics Designer
GRAPHICS DESIGNER,Graphics Designer
2D Graphics Designer,Graphics Designer
Graphics Designer,Graphics Designer
Graphics Designer,Graphics Designer
Graphics Designer,Graphics Designer
Graphics Designer,Graphics Designer
Assistant Graphics Designer,Graphics Designer
Graphics Designer,Graphics Designer
Junior Graphic Designer,Graphics Designer
Brand Designer,Graphics Designer
Graphic Designer For Global MNC,Graphics Designer
Graphic Designer - Junior Manager - Paytm Ads,Graphics Designer
Graphic Designer,Graphics Designer
Graphics Designer,Graphics Designer
Graphics Designer,Graphics Designer
Creative Graphics Designer,Graphics Designer
Graphic Designer - Assistant Manager,Graphics Designer
Graphic Designer,Graphics Designer
Graphics Designer,Graphics Designer
Graphic Designer,Graphics Designer
Graphics designer Internship,Graphics Designer
Content Writer Intern,Content Writer
Tech Content Writer,Content Writer
Content Writer,Content Writer
Content Writer,Content Writer
Social Media Content Writer,Content Writer
Content Writer,Content Writer
Content Writer,Content Writer
Academic Content Writer and Freelancer,Content Writer
Content Writer Intern (Fresher),Content Writer
Junior Content Writer,Content Writer
Academic Content Writer - Freelancer,Content Writer
CONTENT WRITER,Content Writer
B2B Content Writer,Content Writer
Freelance Content Writer,Content Writer
Content writer Intern for Academic subjects,Content Writer
Content Writer Intern,Content Writer
Content Writer,Content Writer
Content script Writer Tamil,Content Writer
Content Writer,Content Writer
Creative Content Writer,Content Writer
Content/ Blog Writer,Content Writer
Content Writer Intern,Content Writer
Copywriter,Content Writer
Technical Writer,Content Writer
Copywriter,Content Writer
Freelance Content Writer,Content Writer
Freelance Content Writer,Content Writer
Content Writer,Content Writer
Hindi Content Writer,Content Writer
Creative Content Writer,Content Writer
English Content Writer,Content Writer
Content Writer,Content Writer
SEO Content Writer - WFH,Content Writer
Content Writer,Content Writer
English Content Writer Gurgaon,Content Writer
Content Writer and Editor,Content Writer
Content Writer,Content Writer
Content Writer,Content Writer
Freelance Content Writer - Online,Content Writer
FREELANCE WRITER,Content Writer
Media & Entertainment Writer,Content Writer
Content Writer - Senior Associate,Content Writer
Content Marketing Blog Writer,Content Writer
Content writer (Bi-lingual – English & Hindi),Content Writer
Content Writer,Content Writer
Content Writer,Content Writer
Content writer,Content Writer
Technical Content Writer,Content Writer
Content Writer (Fresher),Content Writer
Content Writer,Content Writer
SEO Content Writer,Content Writer
Content Editor,Content Writer
Content Writer,Content Writer
SEO Content Writer,Content Writer
Content Writer Analyst,Content Writer
Senior Content Writer,Content Writer
Content Writer,Content Writer
Content Writer,Content Writer
Quality Engineer,Quality Engineer
Quality Engineer,Quality Engineer
Quality Control Engineer,Quality Engineer
Quality Engineer,Quality Engineer
Quality Analyst Engineer,Quality Engineer
MBD Engineer,Quality Engineer
Quality Engineer,Quality Engineer
Quality Engineer,Quality Engineer
Quality Engineer,Quality Engineer
Quality Engineer,Quality Engineer
Quality – Engineer,Quality Engineer
Quality Assurance Engineer,Quality Engineer
Quality Engineer,Quality Engineer
"Engineer, Quality",Quality Engineer
Senior Engineer In Quality,Quality Engineer
Quality Engineer,Quality Engineer
Quality Engineer,Quality Engineer
Quality Engineer,Quality Engineer
Wobot.ai - Computer Vision Engineer,Quality Engineer
Quality Engineer,Quality Engineer
Quality Analyst (QA) Engineer,Quality Engineer
Senior Quality Control Engineer,Quality Engineer
Quality Engineer,Quality Engineer
Quality Engineer,Quality Engineer
Quality Engineer,Quality Engineer
QE Junior Engineer (Quality America),Quality Engineer
Telecom Engineer (Fresher),Quality Engineer
Quality Engineer,Quality Engineer
Technology Team QC Engineer,Quality Engineer
Engineer - Quality Control/Assurance,Quality Engineer
Quality Engineer - Manual,Quality Engineer
Quality Assurance Engineer - Manual,Quality Engineer
Quality Engineer,Quality Engineer
Associate Engineer I - Quality Control,Quality Engineer
Manufacturing Quality Engineer,Quality Engineer
Jr. Engineer - Quality,Quality Engineer
Test Engineer,Quality Engineer
Senior Engineer - Quality Assurance,Quality Engineer
Assistant Engineer - Quality,Quality Engineer
Trainee Software Engineer – Quality Analyst,Quality Engineer
Software Engineer - BE,Quality Engineer
Quality Control Engineer,Quality Engineer
Engineer – Testing & Quality Assurance (Proto shop),Quality Engineer
Quality Engineer II,Quality Engineer
Quality Assurance Engineer,Quality Engineer
Quality Engineer - ETL Testing,Quality Engineer
Manufacturing Process and Quality Engineer,Quality Engineer
Sr. Quality Control Engineer- Silvassa,Quality Engineer
Quality Assurance Engineer,Quality Engineer
Quality Engineer,Quality Engineer
Production Engineer,Quality Engineer
Site Engineer,Quality Engineer
Quality Engineer,Quality Engineer
Software Quality Engineer,Quality Engineer
HSE Engineer I,Quality Engineer
Engineer -Quality ( Sonipat),Quality Engineer
Foundry Quality Engineer/ Layout Engineer/ Sand Casting.,Quality Engineer
Project Manager,Project Manager
Scrum Master/Project Manager,Project Manager
"Deputy Manager Operation, Amazon EDSP Project Last Mile, Kota.",Project Manager
Project Manager - IT,Project Manager
Manager - Project Management,Project Manager
Project Management - Deputy General Manager,Project Manager
Project Manager,Project Manager
Project Manager,Project Manager
Project Manager - O&S,Project Manager
Project Manager- Punjab & Haryana,Project Manager
Project Manager,Project Manager
Project Delivery Manager,Project Manager
Project Manager,Project Manager
Associate Project Manager,Project Manager
Project Manager (Construction),Project Manager
Project Manager,Project Manager
Assistant General Manager / Project Manager,Project Manager
EHS Manager in Project,Project Manager
Project Manager- MEP,Project Manager
Architectural / Project Manager,Project Manager
Project Manager,Project Manager
Project Manager,Project Manager
Project Manager,Project Manager
Localization Project Manager,Project Manager
Technical Project Manager,Project Manager
Project Manager Hybrid - Onsite/Remote,Project Manager
Asst. Manager / Manager for Project Mana,Project Manager
Project Manager,Project Manager
Project Manager,Project Manager
Project Manager,Project Manager
Project Manager,Project Manager
Project Manager(CTRM and PMP),Project Manager
Project Manager,Project Manager
Project Manager,Project Manager
Project Site Incharge/Manager,Project Manager
Project Manager,Project Manager
Project Manager,Project Manager
Project/Contracts Manager,Project Manager
Project Manager,Project Manager
Project Manager,Project Manager
Project Manager,Project Manager
Project Manager Intern,Project Manager
Project Coordinator,Project Manager
Project Manager,Project Manager
Project Manager,Project Manager
Project Manager,Project Manager
PPP PROJECT MANAGER,Project Manager
Project Manager,Project Manager
EMEA Customer Experience – Project Process Leader,Project Manager
Associate Project Manager,Project Manager
Project Manager Intern,Project Manager
Project Manager,Project Manager
Project Manager,Project Manager
PROJECT MANAGER,Project Manager
Project Manager,Project Manager
Technical Project Manager,Project Manager
Dy. Manager - Tractor (K2 Project),Project Manager
Technical Project Manager,Project Manager
Chief Operating Officer,COO
Chief Financial Officer (CFO),COO
Chief Operating Officer,COO
Chief Operating Officer (COO),COO
Chief Operating Officer (COO),COO
Chief Operating Officer (COO),COO
Chief Operating Officer,COO
Chief Operating Officer (COO),COO
Chief Operating Officer_Diagnostics,COO
Chief Operating Officer (COO),COO
Chief Operating Officer,COO
Chief Operating Officer (COO),COO
Chief Security Officer,COO
Chief Operating Officer,COO
Chief Operating Officer (COO),COO
Chief Operating Officer,COO
Chief officer,COO
Chief Financial Officer (CFO),COO
Chief Operating Officer (COO),COO
Chief Operating Officer,COO
Chief Operating Officer (COO),COO
Chief Operating Officer (CEO),COO
Chief Operating Officer,COO
1Lattice (erstwhile PGA Labs) - Chief Operating Officer,COO
Chief Growth Officer,COO
Chief Operating Officer (COO),COO
Chief Operating Officer,COO
COO – Chief Operating Officer,COO
Chief Operating Officer,COO
1Lattice (erstwhile PGA Labs) - Chief Operating Officer,COO
Chief Technology Officer (CTO),COO
Chief Operating Officer (COO),COO
CHIEF OPERATING OFFICER,COO
Programme Coordinator,COO
Chief Financial Officer,COO
Chief Financial Officer (CFO),COO
Chief Operating Officer (COO),COO
Processing Officer,COO
Officer Assessment Superintendent,COO
Network Engineer,Network Security Engineer
Network Engineer- Fresher,Network Security Engineer
Fortinet/Fortigate Network Engineer,Network Security Engineer
Security Engineer- SOC,Network Security Engineer
Network Security Engineer,Network Security Engineer
Network Engineer,Network Security Engineer
Network Engineer II,Network Security Engineer
Network Engineer,Network Security Engineer
Network Security Engineer,Network Security Engineer
Azure Network Engineer,Network Security Engineer
Network Engineer,Network Security Engineer
Senior Network and Security Engineer,Network Security Engineer
Systems and Network Engineer,Network Security Engineer
Network Engineer,Network Security Engineer
Network Engineer,Network Security Engineer
Network Security Engineer,Network Security Engineer
Network Security Engineer,Network Security Engineer
Sr. Network Security Engineer,Network Security Engineer
Network engineer,Network Security Engineer
India - Network Engineer,Network Security Engineer
Network Engineer,Network Security Engineer
Network Engineer (f/m/d),Network Security Engineer
Network Engineer,Network Security Engineer
Cloud Network Engineer,Network Security Engineer
IT CLOUD AND NETWORK ENGINEER- REMOTE/ WFH,Network Security Engineer
IT Network Engineer,Network Security Engineer
Network DevOps Engineer,Network Security Engineer
Network Engineer,Network Security Engineer
Network Engineer,Network Security Engineer
Network Product Engineer,Network Security Engineer
Network Security Engineer,Network Security Engineer
Cyber Security Engineer,Network Security Engineer
Network Security Engineer,Network Security Engineer
Network Engineer Level 2,Network Security Engineer
Cyber Security Engineer,Network Security Engineer
Network Security Engineer,Network Security Engineer
Network and Security Engineer | 6 to 9 years | Bengaluru,Network Security Engineer
Senior Network Engineer,Network Security Engineer
Sr. Network Security Engineer,Network Security Engineer
Network Operations Engineer,Network Security Engineer
IT Security Engineer (Remote Opportunity),Network Security Engineer
Network Engineer 1,Network Security Engineer
Network Engineer & Security L3 Level,Network Security Engineer
Network Security Engineer,Network Security Engineer
Engineer - Cyber Security,Network Security Engineer
IT Security Engineer,Network Security Engineer
NETWORK SECURITY ENGINEER | 2 TO 4 YEARS | GURUGRAM,Network Security Engineer
Network Security Engineer,Network Security Engineer
Network Engineer,Network Security Engineer
SME Network Security Engineer,Network Security Engineer
Cyber Security Engineer,Network Security Engineer
Architectural Photographer,Photographer
Photographer,Photographer
Photographer,Photographer
Photographer,Photographer
Product Photographer,Photographer
Freelance Photographer,Photographer
Photographer,Photographer
Candid Photographer,Photographer
Photographer,Photographer
Photographer & Lightroom Editor,Photographer
Product Photographer,Photographer
Photographer,Photographer
Photographer,Photographer
Editer & Photographer,Photographer
Photographer and Editor,Photographer
Product Photographer,Photographer
Product Photographer,Photographer
Assistant Photographer,Photographer
Freelance Photographer,Photographer
Fresher Photographer Full / Part Time - Location - Chennai - Tamil Nadu,Photographer
Photographer,Photographer
Vacancy For Tourist Photographer - Only Fresher - Girnar Ropeway Gujarat,Photographer
Photographer,Photographer
Freelance Photographer,Photographer
Photographer,Photographer
FASHION PHOTOGRAPHER,Photographer
Designer & Photographer,Photographer
Photographer,Photographer
Product Photographer,Photographer
Photographer,Photographer
Administrative Assistant,Clerical Assistant
Clerical Assistant,Clerical Assistant
Clerical Assistant,Clerical Assistant
Executive Assistant,Clerical Assistant
Human Resources Assistant,Clerical Assistant
Computer Operator cum Office Assistant,Clerical Assistant
Office Assistant,Clerical Assistant
Office Assistant,Clerical Assistant
Executive Assistant,Clerical Assistant
Executive Assistant,Clerical Assistant
Receptionist / Front Office,Clerical Assistant
Accounts Assistant,Clerical Assistant
OFFICE ASSISTANT,Clerical Assistant
Administrative Assistant (CLERICAL),Clerical Assistant
Executive Assistant,Clerical Assistant
Admin Assistant,Clerical Assistant
Executive Assistant to CEO,Clerical Assistant
Personal Assistant,Clerical Assistant
Executive Assistant,Clerical Assistant
Office Assistant,Clerical Assistant
School Secretary & Administrative Assistants,Clerical Assistant
Executive Assistant to Managing Director,Clerical Assistant
Administrative Assistant,Clerical Assistant
Administrative Assistant,Clerical Assistant
Assistant Manager - Admin,Clerical Assistant
HR & Admin Assistant,Clerical Assistant
Executive Assistant to Director,Clerical Assistant
Office Assistant,Clerical Assistant
Office Assistant,Clerical Assistant
TaPOIENw0494 : Executive Assistant,Clerical Assistant
ACCOUNTS ASSISTANT,Clerical Assistant
Executive Assistant to CEO,Clerical Assistant
Assistant Manager - Finance & Accounts,Clerical Assistant
Dispatch Assistant,Clerical Assistant
Assistant Manager Administration,Clerical Assistant
PA / ADMIN ASSISTANT,Clerical Assistant
Junior Recruiter / Recruitment Assistant,Clerical Assistant
Executive Assistant,Clerical Assistant
Executive Assistant to CEO,Clerical Assistant
Receptionist/Administration Assistant,Clerical Assistant
Transport & Logistics Operations Analyst,Clerical Assistant
Office Assistant,Clerical Assistant
Personal Assistant To CEO,Clerical Assistant
EA-MD Office,Clerical Assistant
Executive Assistant to CEO,Clerical Assistant
Personal Assistant To Chief Executive Officer,Clerical Assistant
Visa Assistant,Clerical Assistant
Executive Assistant to Director,Clerical Assistant
Project Manager (Civil),Civil Engineer
Sr. Engineer (Civil) -Site,Civil Engineer
Site Engineer (Civil),Civil Engineer
Diploma Trainee Engineer,Civil Engineer
Senior Civil Engineer,Civil Engineer
Civil Engineer,Civil Engineer
Site Engineer (Civil),Civil Engineer
Planning & Billing & Tendering Engineer,Civil Engineer
Civil engineer vacancy,Civil Engineer
Site Engineer (Civil),Civil Engineer
Senior Civil Engineer,Civil Engineer
Junior civil engineer,Civil Engineer
Civil Engineer,Civil Engineer
Civil Site Engineer (Diploma),Civil Engineer
Civil Engineer,Civil Engineer
Civil Engineer,Civil Engineer
Senior Engineer (Civil),Civil Engineer
Diploma civil engineer,Civil Engineer
Civil Engineer,Civil Engineer
Civil Project Engineer,Civil Engineer
Civil engineer required for Railway building project .,Civil Engineer
Jr. Engineer - Civil,Civil Engineer
Graduate Engineer Trainee.,Civil Engineer
Civil Engineer,Civil Engineer
Civil Engineer (Site Engineer),Civil Engineer
Civil Engineer,Civil Engineer
Civil Engineer,Civil Engineer
Project Engineer,Civil Engineer
Civil Engineer (Site Engineer),Civil Engineer
civil site engineer,Civil Engineer
civil site engineer,Civil Engineer
QS/BILLING Engineer- CIVIL,Civil Engineer
Billing Engineer (Civil),Civil Engineer
Graduate Trainee Engineer,Civil Engineer
CRM - Technical (Hiring Fresher's - BE / BTech - Civil Engineer),Civil Engineer
Civil engineer & structural engineer,Civil Engineer
Jr. Engineer Civil,Civil Engineer
Quality Control Civil Engineer,Civil Engineer
Engineer - Civil & Structural,Civil Engineer
Highway Engineer,Civil Engineer
Sr. Civil Engineer,Civil Engineer
Civil & Tower Structural Engineer,Civil Engineer
Junior Engineer,Civil Engineer
Site Engineer (Civil),Civil Engineer
"QS & Billing Engineer, Civil",Civil Engineer
Civil Engineer - Project Execution,Civil Engineer
QA/QC Engineer (Civil),Civil Engineer
Site Engineer (Civil),Civil Engineer
Senior Civil Engineer ( Residential & Commercial ),Civil Engineer
Civil Engineer,Civil Engineer
Site Engineer - Construction/ Civil,Civil Engineer
Site Engineer (Civil),Civil Engineer
Freshers Civil Engineer requirement,Civil Engineer
Site Engineer (Civil),Civil Engineer
Civil Engineer (Site Engineer),Civil Engineer
electronics and communication engineer,Electronics Engineer
Electronics Engineer,Electronics Engineer
Electronics and Communication Engineer,Electronics Engineer
Electronics Engineer - Intern,Electronics Engineer
Electronics Security Engineer,Electronics Engineer
Electronics Engineer,Electronics Engineer
Electronics Junior Engineer,Electronics Engineer
Electronics Engineer (Internship),Electronics Engineer
Electronics Engineer,Electronics Engineer
Industrial Electronics Engineer,Electronics Engineer
ELECTRONICS ENGINEER,Electronics Engineer
Junior R&D Engineer-Electronics,Electronics Engineer
Service Support Engineer,Electronics Engineer
electronics and communication engineer,Electronics Engineer
Electronics Engineer Intern,Electronics Engineer
electronics and communication engineer @ Fresher Apply,Electronics Engineer
Electronics Engineer,Electronics Engineer
Wireless Communication Engineer,Electronics Engineer
Electronics Engineer,Electronics Engineer
Component Engineer - Electronics,Electronics Engineer
Electronics Engineer,Electronics Engineer
CUSTOMER SUPPORT ENGINEER – B.E./ DIPLOMA IN ELECTRONICS LOCATION BANGALORE,Electronics Engineer
electronics and communication engineer,Electronics Engineer
Site Engineer,Electronics Engineer
Production Engineer,Electronics Engineer
Electronics Engineer,Electronics Engineer
Electronics Store Junior Engineer,Electronics Engineer
Lead Engineer- Electronics,Electronics Engineer
Electronics Production Engineer,Electronics Engineer
Robotics Engineer - Intern,Electronics Engineer
eDrive Charging system engineer,Electronics Engineer
Customer Support Engineer Level 1,Electronics Engineer
Trainee Engineer SQL DBA,Electronics Engineer
HIL Validation Engineer - Body Electronics,Electronics Engineer
Design Engineer – Power Electronics & Controls,Electronics Engineer
Test Engineer,Electronics Engineer
MBOS_TestArchitecture Test Engineer for Infotainment system,Electronics Engineer
EE Component Development Engineer,Electronics Engineer
Trainee Engineer,Electronics Engineer
Electronics Hardware Engineer,Electronics Engineer
R&D Electrical Engineer,Electronics Engineer
Associate Engineer I - Flight Operations,Electronics Engineer
UAV/Drone Engineer,Electronics Engineer
Electronics Engineer (Robotics),Electronics Engineer
Test Engineer,Electronics Engineer
Customer Service Engineer - Goa,Electronics Engineer
Systems Engineer,Electronics Engineer
HiL Validation Test Engineer – Body E/E Product Development,Electronics Engineer
Production Engineer,Electronics Engineer
"Mechanical Engineer, Freelancer",Mechanical Engineer
CAD Design Engineer,Mechanical Engineer
Mechanical Engineer,Mechanical Engineer
Mechanical Engineer(Fresher),Mechanical Engineer
Development Engineer,Mechanical Engineer
Production Engineer,Mechanical Engineer
Pharmaceutical Senior Mechanical Engineer,Mechanical Engineer
QA/QC Engineer (Mechanical),Mechanical Engineer
Mechanical Maintenance Engineer,Mechanical Engineer
Mechanical QC Engineer,Mechanical Engineer
Mechanical Engineer,Mechanical Engineer
QA/QC Engineer - Mechanical,Mechanical Engineer
Quality Control Engineer,Mechanical Engineer
Mechanical Engineer,Mechanical Engineer
Mechanical Engineer,Mechanical Engineer
Mechanical Maintenance Engineer,Mechanical Engineer
Sr.Mechanical Engineer - Plant and Machinery Incharge,Mechanical Engineer
Graduate Engineer Trainee.,Mechanical Engineer
Senior Mechanical Engineer,Mechanical Engineer
Mechanical Maintenance Engineer,Mechanical Engineer
Service Engineer,Mechanical Engineer
Design Engineer (Mechanical - Sheet Metal Industry),Mechanical Engineer
Design Engineer,Mechanical Engineer
Production Engineer,Mechanical Engineer
Mechanical Engineer,Mechanical Engineer
Production Engineer,Mechanical Engineer
CAD Engineer-Mechanical,Mechanical Engineer
Engineer – Aerothermal,Mechanical Engineer
Senior Project Engineer (Mechanical),Mechanical Engineer
Mechanical - Project Engineer,Mechanical Engineer
Engineer - Mechanical,Mechanical Engineer
"Engineer, Jadcherla",Mechanical Engineer
Assistant Engineer - Mechanical,Mechanical Engineer
Engineer Maintenance Mechanical GC,Mechanical Engineer
Mechanical Engineer,Mechanical Engineer
Design Engineer- Mechanical,Mechanical Engineer
Engineer Maintenance Mechanical,Mechanical Engineer
Engine assembly process Engineer,Mechanical Engineer
Mechanical Engineer,Mechanical Engineer
Mechanical Engineer - Packages,Mechanical Engineer
Manufacturing Engineer 1,Mechanical Engineer
Mechanical Engineer (Robotics),Mechanical Engineer
Graduate Engineer Trainee - Mechanical,Mechanical Engineer
Mechanical Engineer - Packages,Mechanical Engineer
Mechanical Design Engineer,Mechanical Engineer
Mechanical Engineer,Mechanical Engineer
Junior Mechanical Engineer,Mechanical Engineer
Engineer I - Manufacturing,Mechanical Engineer
Project Engineer - Mechanical,Mechanical Engineer
Junior Engineer,Mechanical Engineer
Design Engineer (Mechanical),Mechanical Engineer
Site Engineer Mechanical,Mechanical Engineer
Associate Engineer I - Flight Operations,Mechanical Engineer
Mechanical Engineer ( Production )(Specialist in Fabrication/Metal),Mechanical Engineer
MECHANICAL ENGINEER,Mechanical Engineer
Project Engineer (Mechanical),Mechanical Engineer
Quality Assurance Engineer - Mechanical,Mechanical Engineer
Draftsman - Civil / Mechanical (Freshers can also apply),Mechanical Engineer
Mechanical Engineer - Execution,Mechanical Engineer
Welding Engineer,Mechanical Engineer
Trainee Mechanical Engineer,Mechanical Engineer
Production Engineer,Mechanical Engineer
CAD Engineer-Mechanical,Mechanical Engineer
Human Resources Manager,HR Manager
Human Resources Executive,HR Manager
"Human Resources, Assistant Manager M/F",HR Manager
Human Resources Manager,HR Manager
Human Resources Manager (Remote/Virtual),HR Manager
Human Resources Manager,HR Manager
Manager - Human Resources,HR Manager
Human Resources Manager,HR Manager
Manager - Human Resources,HR Manager
Assistant Manager - Human Resources,HR Manager
Human Resources Manager,HR Manager
MANAGER – Human Resources (FMCG / OTC Experienced),HR Manager
Human Resources Manager,HR Manager
Human Resources Manager,HR Manager
Human Resources Manager,HR Manager
HR Executive /manager,HR Manager
HR & Payroll Manager,HR Manager
Human Resources Manager,HR Manager
Human Resource Generalist,HR Manager
Human Resources Manager,HR Manager
Senior Manager - Human Resource,HR Manager
HR & Operations Manager,HR Manager
Human Resources Manager,HR Manager
Human Resources Manager,HR Manager
Human Resources Manager (Virtual/Remote),HR Manager
Human Resources Manager,HR Manager
Human Resources Manager,HR Manager
Asst. HR Manager,HR Manager
Human Resources Manager,HR Manager
Human Resources Manager,HR Manager
Asst. Manager - Human Resources,HR Manager
Assistant Manager- Business Human Resource,HR Manager
Manager - Human Resources,HR Manager
Manager - Human Resources,HR Manager
Human Resources Manager,HR Manager
Manager / Assistant Manager - Human Resources,HR Manager
Human Resources Consultant,HR Manager
Human Resources Manager,HR Manager
SENIOR MANAGER - HUMAN RESOURCES (SHARED SERVICES),HR Manager
"Manager, HRBP",HR Manager
Manager - Human Resources & Admin,HR Manager
Manager - Human Resources,HR Manager
Human Resources Manager,HR Manager
Deputy Manager - Human Resources,HR Manager
Assistant Human Resources Manager,HR Manager
Talent Acquisition Co-ordinator,HR Manager
Senior Manager - Human Resources,HR Manager
Officer/Senior Officer - Human Resources,HR Manager
Human Resources Manager,HR Manager
Assistant Manager - Human Resources,HR Manager
Human Resources Manager,HR Manager
Manager - Human Resources,HR Manager
Sales Executive,Sales Executive
Business Development Executive,Sales Executive
B2B Sales Executive,Sales Executive
Business Development Executive,Sales Executive
Talent Acquisition Manager,Sales Executive
Customer Support Executive,Sales Executive
Sales Executive,Sales Executive
Business Development Executive,Sales Executive
Inside Sales Executive,Sales Executive
Senior Sales Executive,Sales Executive
Backend Executive,Sales Executive
Sales Executive,Sales Executive
Lead Generation Specialist- Work From Home,Sales Executive
Software Sales Executive,Sales Executive
Field Sales Executive,Sales Executive
Sales executive,Sales Executive
Operation Executive,Sales Executive
Sales Executive,Sales Executive
Sales Executive (Fresher),Sales Executive
Sales Executive,Sales Executive
Sales Executive,Sales Executive
Sales Executive,Sales Executive
Sales Executive,Sales Executive
Business Development Executive - Calicut/Thrissur,Sales Executive
Sales Executive,Sales Executive
Voice Executive,Sales Executive
US IT Staffing Sales Executive / BDM,Sales Executive
Business Development Executive,Sales Executive
Amazon sales Executive,Sales Executive
Customer Sales Executive,Sales Executive
Inside Sales - Key Account Manager - Executive Manager,Sales Executive
Sr.Sales Executive-LIGHT COMMERCIAL VEHICLE-Retail Sales,Sales Executive
Sr. Sales Executive-SARAL LOANS-Marketing Branches Operations,Sales Executive
Field Sales Executive | Mysore | Any Graduate,Sales Executive
Customer Sales Executive (Fresher),Sales Executive
"Expert Sales Executive, Mumbai - OHC",Sales Executive
"Expert Sales Executive- PRS, Warangal",Sales Executive
Executive-EXIM Sales,Sales Executive
Sales Executive - Bhopal,Sales Executive
EXECUTIVE - SALES,Sales Executive
Outdoor Sales Executive,Sales Executive
"Quality Control Executive (Diamond), Surat/Mumbai",Sales Executive
Executive - Sales Support,Sales Executive
LCO EXECUTIVE,Sales Executive
Channel Sales Executive,Sales Executive
Inside Sales Executive (Edtech),Sales Executive
Medical Sales Executive,Sales Executive
Store Sales Executive (Retail),Sales Executive
Sales Executive,Sales Executive
Senior Territory Sales Executive-Institutional Sales,Sales Executive
Inside Sales Executive (Hindi),Sales Executive
Scientific Promotion Executive,Sales Executive
Executive - Credit Operations,Sales Executive
Sr. Executive - ATM Operations & Franchisee Sales,Sales Executive
Expert Sales Executive - OHC- East Delhi,Sales Executive
Store Executive,Sales Executive
Technical Sales Executive,Sales Executive
Sales Executive (Fashion) For a leading Designer Boutique Brand,Sales Executive
Marketing Executive,Sales Executive
Chief Technology Officer,CEO
Chief Executive Officer (CEO),CEO
Chief Operating Officer,CEO
Chief Operating Officer,CEO
